1|Saifil Ali|http://saifilali.weebly.com/
3|Chaitra Ambadipudi|http://chaitra-cpsc656.weebly.com/
4|Shantanu Bansal|http://people.tamu.edu/~shantanu88/
8|Chad Caddie|http://people.tamu.edu/~spyrochad/
10|Siddhartha Karthik Copesetty|http://cskarthik.wix.com/newmedia
11|Ashton Creel|http://www.cs-ashtoncreel.com/
12|Phillip Dang|http://people.tamu.edu/~phillipdang/
13|Ranbir Das|https://ranbirblog.wordpress.com/
14|Ranjita Das|http://thatsranjita.weebly.com/
15|Alexandria Davis|http://adavis-cnm.weebly.com/
17|Nabir Dinani|http://www.nabirdinani.com/
18|Caio Duarte Diniz Monteiro|http://students.cse.tamu.edu/caioddm/656/
19|Chance Eckert|https://sites.google.com/site/chanceeckertpersonalpage/
20|Austin Elsik|http://people.tamu.edu/~austin_elsik/445/
23|Branden Frazer|http://bradenfrazer.github.io/445/index.html
24|Anurag Garg|https://anuraggargblog.wordpress.com/
25|Eric Gonzalez|http://ericgonzalez-csce445newmedia.weebly.com/
27|Varinder Grewal|https://example69835.wordpress.com/
29|Corey Hall|http://students.cse.tamu.edu/coreyh/
30|Seung Han|http://people.tamu.edu/~kevineleven7/
31|Jorge Herrera|http://cnm-jorgehc.weebly.com/
33|Jiyoung Hwang|https://ohnaryasite.wordpress.com/
35|Ivins Jove|http://people.tamu.edu/~jove_28/index.html
36|Jovana Dayan Juarez|http://people.tamu.edu/~jovanadayan2012/
39|Jonathan Kocmoud|http://jonathankocmoud.wix.com/home
42|Malavika Madhukumar|https://sites.google.com/a/tamu.edu/malamadhukumar/computers-and-new-media
43|Sai Sujith Reddy Mankala|https://sites.google.com/a/tamu.edu/saisujithreddy656/
45|Jose Manriquez|http://josemanriquez.com/csce445/
55|Ankur Prasad|http://ankurprasad90.github.io/CSCE656/
57|Anirudh Ramanathan|http://foxish.github.io/656/
59|Siddhant Rath|http://people.tamu.edu/~rath.siddhant/656/
60|Michael Ruggiero|http://people.tamu.edu/~ruggiero3x/
62|Haris Sheikh|https://sites.google.com/a/tamu.edu/harsheikh/
65|Santos Solorzano|http://santossolorzano.com/445/
69|Bob Timm|http://baja-bob.com/
73|Wesley Vance|http://wesadvance.postsdeck.com/contents/list-of-media
76|Brent Walther|http://brentwalther.net/csce-656/
77|Shaobo Wang|http://shaobo-wang.branded.me/
78|Chad Whitely|http://people.tamu.edu/~chad.whitely/